{"loss": 0.06439983839100069, "_timestamp": 1673431049.6386535, "_runtime": 17.235769510269165, "_step": 9, "_wandb": {"runtime": 17}}